{
  "timestamp": "20251030_154117",
  "training_samples": 5000,
  "test_samples": 1000,
  "feature_columns": [
    "qualifying_position",
    "weather_clear",
    "track_temperature",
    "tire_strategy",
    "avg_speed",
    "pit_stop_time",
    "driver_skill",
    "team_performance",
    "circuit_factor",
    "recent_form",
    "driver_encoded",
    "team_encoded",
    "circuit_encoded"
  ],
  "models": {
    "winner_random_forest": {
      "accuracy": 0.808,
      "precision": 0.7183098591549296,
      "recall": 0.5368421052631579,
      "f1": 0.6144578313253012
    },
    "winner_xgboost": {
      "accuracy": 0.803,
      "precision": 0.6929824561403509,
      "recall": 0.5543859649122806,
      "f1": 0.6159844054580896
    },
    "winner_logistic": {
      "accuracy": 0.787,
      "precision": 0.6764705882352942,
      "recall": 0.4842105263157895,
      "f1": 0.5644171779141104
    },
    "podium_random_forest": {
      "accuracy": 0.509,
      "precision": 0.5275813295615276,
      "recall": 0.7037735849056603,
      "f1": 0.603071948261924
    },
    "podium_xgboost": {
      "accuracy": 0.481,
      "precision": 0.5095320623916811,
      "recall": 0.5547169811320755,
      "f1": 0.5311653116531165
    },
    "podium_logistic": {
      "accuracy": 0.536,
      "precision": 0.5363436123348018,
      "recall": 0.9188679245283019,
      "f1": 0.6773296244784422
    },
    "position_random_forest": {
      "mae": 4.3757585270664805
    },
    "position_xgboost": {
      "mae": 4.589463233947754
    },
    "position_linear": {
      "mae": 4.296749318173159
    }
  },
  "best_models": {
    "winner": {
      "algorithm": "random_forest",
      "accuracy": 0.808,
      "file": "backend/models/winner_model_20251030_154117.pkl"
    },
    "podium": {
      "algorithm": "logistic",
      "accuracy": 0.536,
      "file": "backend/models/podium_model_20251030_154117.pkl"
    },
    "position": {
      "algorithm": "linear",
      "mae": 4.296749318173159,
      "file": "backend/models/position_model_20251030_154117.pkl"
    }
  },
  "files": {
    "scaler": "backend/models/scaler_20251030_154117.pkl",
    "encoders": "backend/models/encoders_20251030_154117.pkl"
  }
}